protocol,variant,n_runs,rmse,mae,pearson,spearman,ci,pairwise_rank_acc,delta_spearman,cliff_auc,cliff_pr_auc,cliff_mol_rmse,n_train,n_test,seconds
cold_target,ligand,150,1.3022 +/- 0.2852,1.0772 +/- 0.2588,0.2240 +/- 0.2368,0.2182 +/- 0.2275,0.5751 +/- 0.0794,0.5493 +/- 0.0819,0.0390 +/- 0.0651,0.5278 +/- 0.0500,0.3850 +/- 0.1540,1.3498 +/- 0.3018,38968.8000 +/- 1947.1534,1623.7000 +/- 938.5805,
cold_target,ligand_pocket,150,1.3416 +/- 0.2895,1.1171 +/- 0.2595,0.2185 +/- 0.2204,0.2088 +/- 0.2072,0.5719 +/- 0.0725,0.5477 +/- 0.0768,0.0222 +/- 0.0667,0.5246 +/- 0.0508,0.3823 +/- 0.1559,1.3796 +/- 0.3317,38968.8000 +/- 1947.1534,1623.7000 +/- 938.5805,
cold_target,ligand_pocket_saprot,150,1.3249 +/- 0.2958,1.1014 +/- 0.2607,0.2261 +/- 0.2191,0.2161 +/- 0.2078,0.5745 +/- 0.0726,0.5520 +/- 0.0812,0.0324 +/- 0.0727,0.5276 +/- 0.0498,0.3835 +/- 0.1572,1.3694 +/- 0.3434,38968.8000 +/- 1947.1534,1623.7000 +/- 938.5805,
cold_target,ligand_saprot,150,1.3216 +/- 0.3053,1.0968 +/- 0.2737,0.2255 +/- 0.2215,0.2161 +/- 0.2146,0.5745 +/- 0.0751,0.5511 +/- 0.0837,0.0413 +/- 0.0742,0.5308 +/- 0.0520,0.3883 +/- 0.1589,1.3757 +/- 0.3398,38968.8000 +/- 1947.1534,1623.7000 +/- 938.5805,
mtpnet_csv_split,per_target_xgb,150,0.6859 +/- 0.0800,0.5122 +/- 0.0652,0.8085 +/- 0.0712,0.8015 +/- 0.0706,0.8101 +/- 0.0344,0.7651 +/- 0.0813,0.1788 +/- 0.2258,0.6855 +/- 0.1101,0.6009 +/- 0.1684,0.7640 +/- 0.0923,1297.0000 +/- 751.0642,326.7000 +/- 187.5175,2.1236 +/- 0.4093
mtpnet_csv_split,unified_ligand,150,0.9300 +/- 0.1415,0.7512 +/- 0.1235,0.6241 +/- 0.1590,0.6010 +/- 0.1524,0.7177 +/- 0.0603,0.6611 +/- 0.1532,0.1410 +/- 0.2950,0.5976 +/- 0.0929,0.4829 +/- 0.1851,0.9512 +/- 0.1369,1297.0000 +/- 751.0642,326.7000 +/- 187.5175,
mtpnet_csv_split,unified_pocket,150,0.8382 +/- 0.0951,0.6696 +/- 0.0839,0.7194 +/- 0.1009,0.6978 +/- 0.1015,0.7575 +/- 0.0435,0.6895 +/- 0.1336,0.1584 +/- 0.2361,0.6165 +/- 0.0949,0.5048 +/- 0.1910,0.8893 +/- 0.0958,1297.0000 +/- 751.0642,326.7000 +/- 187.5175,
mtpnet_csv_split,unified_target,150,0.8520 +/- 0.1034,0.6833 +/- 0.0905,0.7087 +/- 0.1101,0.6847 +/- 0.1110,0.7518 +/- 0.0466,0.6738 +/- 0.1474,0.1374 +/- 0.2388,0.5997 +/- 0.1051,0.4888 +/- 0.1929,0.8972 +/- 0.1075,1297.0000 +/- 751.0642,326.7000 +/- 187.5175,
mtpnet_csv_split,unified_target_pocket,150,0.8358 +/- 0.0941,0.6673 +/- 0.0826,0.7202 +/- 0.1026,0.6983 +/- 0.1033,0.7578 +/- 0.0444,0.6792 +/- 0.1491,0.1519 +/- 0.2584,0.6224 +/- 0.0961,0.5084 +/- 0.1907,0.8875 +/- 0.0968,1297.0000 +/- 751.0642,326.7000 +/- 187.5175,
